,Address,Age of Construction,Area,Authority Approval,Balcony,Bathrooms,Bedrooms,Car parking,Carpet area,Facing,Floor,Flooring,Furnished status,Furnishing,Landmarks,Lift,Overlooking,Price,RERA ID,Status,Status of Electricity,Store Room,Super area,Transaction type,Type of Ownership,Water Availability,flat Size
0,,,"CHAMALVAS (BANIHAL), J&K",,,,,,,,,,,,,,,,,,,,,,,,
1,,,"SANJIMORE, DISTT. KATHUA (J &",,,,,,,,,,,,,,,,,,,,,,,,
2,,,"AKHNOOR, DISTT. JAMMU (J & K)",,,,,,,,,,,,,,,,,,,,,,,,
3,,,HARNAG,,,,,,,,,,,,,,,,,,,,,,,,
4,,,IMOH,,,,,,,,,,,,,,,,,,,,,,,,
5,,,JANGLAT MANDI ANANTNAG,,,,,,,,,,,,,,,,,,,,,,,,
6,,,"COURT ROAD,ANANTNAG",,,,,,,,,,,,,,,,,,,,,,,,
7,,,LAL CHOWK - ANANTNAG,,,,,,,,,,,,,,,,,,,,,,,,
8,,,DOORU SHAHABAD,,,,,,,,,,,,,,,,,,,,,,,,
9,,,"ANANTNAG, JAMMU & KASHMIR",,,,,,,,,,,,,,,,,,,,,,,,
10,,,"CHINIGUND, DOORU",,,,,,,,,,,,,,,,,,,,,,,,
11,,,DEETHU ANANTNAG,,,,,,,,,,,,,,,,,,,,,,,,
12,,,FRUIT MANDI BATENGOO,,,,,,,,,,,,,,,,,,,,,,,,
13,,,HILLAR ARHAMA,,,,,,,,,,,,,,,,,,,,,,,,
14,,,KHANABAL ANANTNAG,,,,,,,,,,,,,,,,,,,,,,,,
15,,,VEERI,,,,,,,,,,,,,,,,,,,,,,,,
16,,,ZONAL OFFICE KASHMIR SOUTH TWO,,,,,,,,,,,,,,,,,,,,,,,,
17,,,"ANANTNAG, JK",,,,,,,,,,,,,,,,,,,,,,,,
18,,,DEHWATHU,,,,,,,,,,,,,,,,,,,,,,,,
19,,,SHANKERPORA,,,,,,,,,,,,,,,,,,,,,,,,
20,,,PEER TAKIYA ANANTNAG,,,,,,,,,,,,,,,,,,,,,,,,
21,,,PANZATH,,,,,,,,,,,,,,,,,,,,,,,,
22,,,BONA BAZAR QAZIGUND,,,,,,,,,,,,,,,,,,,,,,,,
23,,,WANDEVELGAM,,,,,,,,,,,,,,,,,,,,,,,,
24,,,KANELWAN,,,,,,,,,,,,,,,,,,,,,,,,
25,,,MEHIND,,,,,,,,,,,,,,,,,,,,,,,,
26,,,NOWGAM SHANGUS,,,,,,,,,,,,,,,,,,,,,,,,
27,,,SALIA,,,,,,,,,,,,,,,,,,,,,,,,
28,,,SANGAM,,,,,,,,,,,,,,,,,,,,,,,,
29,,,"MATTAN ADDA ANANTNAG, DISTT. A",,,,,,,,,,,,,,,,,,,,,,,,
30,,,BAN TALAB,,,,,,,,,,,,,,,,,,,,,,,,
31,,,CHINAR SHOPING COMPLEX,,,,,,,,,,,,,,,,,,,,,,,,
32,,,ARMY SCHOOL B D BARI CANTT,,,,,,,,,,,,,,,,,,,,,,,,
33,,,MODEL INSTITUTE OF E & R,,,,,,,,,,,,,,,,,,,,,,,,
34,,,BADGAM JAMMU,,,,,,,,,,,,,,,,,,,,,,,,
35,,,CHARARI SHARIEF,,,,,,,,,,,,,,,,,,,,,,,,
36,,,SUMERBUGH,,,,,,,,,,,,,,,,,,,,,,,,
37,,,B K PORA,,,,,,,,,,,,,,,,,,,,,,,,
38,,,NARBAL,,,,,,,,,,,,,,,,,,,,,,,,
39,,,SONAGAM,,,,,,,,,,,,,,,,,,,,,,,,
40,,,AHAMSHARIEF,,,,,,,,,,,,,,,,,,,,,,,,
41,,,"GAROORA, BANDIPORA",,,,,,,,,,,,,,,,,,,,,,,,
42,,,NADIHAL BANDIPORA,,,,,,,,,,,,,,,,,,,,,,,,
43,,,NISHAT PARK BANDIPORA,,,,,,,,,,,,,,,,,,,,,,,,
44,,,SADERKOTE BALA,,,,,,,,,,,,,,,,,,,,,,,,
45,,,MINI SECRETARIAT BANDIPORA,,,,,,,,,,,,,,,,,,,,,,,,
46,,,SHADIPORA,,,,,,,,,,,,,,,,,,,,,,,,
47,,,SHAHGUND,,,,,,,,,,,,,,,,,,,,,,,,
48,,,BONIYAR,,,,,,,,,,,,,,,,,,,,,,,,
49,,,A D B PATTAN,,,,,,,,,,,,,,,,,,,,,,,,
50,,,PALHALAN,,,,,,,,,,,,,,,,,,,,,,,,
51,,,WATRIGAM,,,,,,,,,,,,,,,,,,,,,,,,
52,,,BANDIPORE,,,,,,,,,,,,,,,,,,,,,,,,
53,,,"AMARGARH, SOPORE",,,,,,,,,,,,,,,,,,,,,,,,
54,,,EC ARMY CANTONMENT BARAMULLA,,,,,,,,,,,,,,,,,,,,,,,,
55,,,DRUROO,,,,,,,,,,,,,,,,,,,,,,,,
56,,,BARAMULLA CENTRAL CO-OPERATIVE BANK LTD,,,,,,,,,,,,,,,,,,,,,,,,
57,,,NOWSHEHRA URI,,,,,,,,,,,,,,,,,,,,,,,,
58,,,SOPORE,,,,,,,,,,,,,,,,,,,,,,,,
59,,,KANISPORA,,,,,,,,,,,,,,,,,,,,,,,,
60,,,KALANTROO PAYEEN,,,,,,,,,,,,,,,,,,,,,,,,
61,,,LADOORA RAFIABAD,,,,,,,,,,,,,,,,,,,,,,,,
62,,,MIRGUND,,,,,,,,,,,,,,,,,,,,,,,,
63,,,TANGMARG GULMARG,,,,,,,,,,,,,,,,,,,,,,,,
64,,,SONIUM,,,,,,,,,,,,,,,,,,,,,,,,
65,,,KASHMIR MERCANTILE CO OP BANK LTD,,,,,,,,,,,,,,,,,,,,,,,,
66,,,SOPORE JK,,,,,,,,,,,,,,,,,,,,,,,,
67,,,SOPORE TOWN,,,,,,,,,,,,,,,,,,,,,,,,
68,,,ZONAL OFFICE BARAMULLA,,,,,,,,,,,,,,,,,,,,,,,,
69,,,FEROZPORA,,,,,,,,,,,,,,,,,,,,,,,,
70,,,USHKARA,,,,,,,,,,,,,,,,,,,,,,,,
71,,,SALAMABAD URI,,,,,,,,,,,,,,,,,,,,,,,,
72,,,PALHALAN,,,,,,,,,,,,,,,,,,,,,,,,
73,,,BISHNAH,,,,,,,,,,,,,,,,,,,,,,,,
74,,,MIRGUND BUDGAM,,,,,,,,,,,,,,,,,,,,,,,,
75,,,OTLIGAM,,,,,,,,,,,,,,,,,,,,,,,,
76,,,PARNEWA,,,,,,,,,,,,,,,,,,,,,,,,
77,,,PAHROO,,,,,,,,,,,,,,,,,,,,,,,,
78,,,BEERWAH,,,,,,,,,,,,,,,,,,,,,,,,
79,,,KRALPORA,,,,,,,,,,,,,,,,,,,,,,,,
80,,,MAGAM  BUDGAM,,,,,,,,,,,,,,,,,,,,,,,,
81,,,WATHOORA,,,,,,,,,,,,,,,,,,,,,,,,
82,,,RAWALPORA KHANSAHIB,,,,,,,,,,,,,,,,,,,,,,,,
83,,,SOIBUGH,,,,,,,,,,,,,,,,,,,,,,,,
84,,,CHARRIPORA,,,,,,,,,,,,,,,,,,,,,,,,
85,,,WATERHAL,,,,,,,,,,,,,,,,,,,,,,,,
86,,,CHANNI HIMMAT (JAMMU),,,,,,,,,,,,,,,,,,,,,,,,
87,,,"CHOWLGAM, DISTT. KULGAM (J&K)",,,,,,,,,,,,,,,,,,,,,,,,
88,,,DEWAN BADRI NATH VIDYA MANDIR,,,,,,,,,,,,,,,,,,,,,,,,
89,,,"DHANNI,DISTT. KATHUA (J &K )",,,,,,,,,,,,,,,,,,,,,,,,
90,,,"DHAR ROAD, UDHAMPUR",,,,,,,,,,,,,,,,,,,,,,,,
91,,,BEBROTA,,,,,,,,,,,,,,,,,,,,,,,,
92,,,CHINTA,,,,,,,,,,,,,,,,,,,,,,,,
93,,,CHINGAM,,,,,,,,,,,,,,,,,,,,,,,,
94,,,GAI DESSA,,,,,,,,,,,,,,,,,,,,,,,,
95,,,BHADERWAH,,,,,,,,,,,,,,,,,,,,,,,,
96,,,KISHATWAR,,,,,,,,,,,,,,,,,,,,,,,,
97,,,"DANDAL, DODA",,,,,,,,,,,,,,,,,,,,,,,,
98,,,GAJOTH,,,,,,,,,,,,,,,,,,,,,,,,
99,,,"GUNDANA, DODA",,,,,,,,,,,,,,,,,,,,,,,,
100,,,PRANOO,,,,,,,,,,,,,,,,,,,,,,,,
101,,,ZONAL OFFICE JAMMU NORTH DODA,,,,,,,,,,,,,,,,,,,,,,,,
102,,,THATHRI,,,,,,,,,,,,,,,,,,,,,,,,
103,,,PREMNAGAR,,,,,,,,,,,,,,,,,,,,,,,,
104,,,BHARGI,,,,,,,,,,,,,,,,,,,,,,,,
105,,,DUDWAR,,,,,,,,,,,,,,,,,,,,,,,,
106,,,KHELLANI,,,,,,,,,,,,,,,,,,,,,,,,
107,,,BATOTE,,,,,,,,,,,,,,,,,,,,,,,,
108,,,"BHADERWAH, DISTT. DODA (J&K)",,,,,,,,,,,,,,,,,,,,,,,,
109,,,BATWINA GANDERBAL,,,,,,,,,,,,,,,,,,,,,,,,
110,,,DAB,,,,,,,,,,,,,,,,,,,,,,,,
111,,,"POWER HOUSE ROAD, GANDERBAL",,,,,,,,,,,,,,,,,,,,,,,,
112,,,DORSUMA MANIGAM,,,,,,,,,,,,,,,,,,,,,,,,
113,,,MANIGAM,,,,,,,,,,,,,,,,,,,,,,,,
114,,,SAIDPORA BALA,,,,,,,,,,,,,,,,,,,,,,,,
115,,,"HIRANAGAR, DISTT. KATHUA (J &",,,,,,,,,,,,,,,,,,,,,,,,
116,,,C/CHEST B/O ANANTNAG,,,,,,,,,,,,,,,,,,,,,,,,
117,,,"P.C.DEPOT,QAMARWARI,SRINAGAR",,,,,,,,,,,,,,,,,,,,,,,,
118,,,C/CHEST B/O SRINAGAR BADAMI BA,,,,,,,,,,,,,,,,,,,,,,,,
119,,,"KATHUA, COLLEGE ROAD",,,,,,,,,,,,,,,,,,,,,,,,
120,,,C/CHEST B/O JAMMU GANDHI NGR,,,,,,,,,,,,,,,,,,,,,,,,
121,,,C/CHEST B/O JAMMU TAWI SAL RD,,,,,,,,,,,,,,,,,,,,,,,,
122,,,"SRINAGAR, KHANYAR",,,,,,,,,,,,,,,,,,,,,,,,
123,,,MAL MANDI RAJOURI,,,,,,,,,,,,,,,,,,,,,,,,
124,,,"BASOHLI, DISTT. KATHUA (J & K)",,,,,,,,,,,,,,,,,,,,,,,,
125,,,"AKHNOOR CANTT,MS COMP.RAV LINE",,,,,,,,,,,,,,,,,,,,,,,,
126,,,R S PURA,,,,,,,,,,,,,,,,,,,,,,,,
127,,,C/CHEST L/OFF JAMMU GANDHI NGR,,,,,,,,,,,,,,,,,,,,,,,,
128,,,MANDA,,,,,,,,,,,,,,,,,,,,,,,,
129,,,SUNGAL,,,,,,,,,,,,,,,,,,,,,,,,
130,,,CITIZENS COOP BANK JAMMU AKHNOOR,,,,,,,,,,,,,,,,,,,,,,,,
131,,,BARI BRAHMANA (NOWHATTA),,,,,,,,,,,,,,,,,,,,,,,,
132,,,BISHNAH,,,,,,,,,,,,,,,,,,,,,,,,
133,,,ALLAH BISHNAH,,,,,,,,,,,,,,,,,,,,,,,,
134,,,PALLI MORH,,,,,,,,,,,,,,,,,,,,,,,,
135,,,MAJUA UTTAMI,,,,,,,,,,,,,,,,,,,,,,,,
136,,,CITIZENS COOP BANK JAMMU CHANIHIMAT,,,,,,,,,,,,,,,,,,,,,,,,
137,,,CHOWKI CHAURA,,,,,,,,,,,,,,,,,,,,,,,,
138,,,JAMMU,,,,,,,,,,,,,,,,,,,,,,,,
139,,,JAMMU DIGIANA,,,,,,,,,,,,,,,,,,,,,,,,
140,,,GAJANSOO,,,,,,,,,,,,,,,,,,,,,,,,
141,,,"GANDHINAGAR, JAMMU",,,,,,,,,,,,,,,,,,,,,,,,
142,,,CITIZENS COOP BANK JAMMU GANYAL,,,,,,,,,,,,,,,,,,,,,,,,
143,,,GHOU MANHASSAN,,,,,,,,,,,,,,,,,,,,,,,,
144,,,GREATER KAILASH JAMMU,,,,,,,,,,,,,,,,,,,,,,,,
145,,,"TALAB TILOO, JAMMU",,,,,,,,,,,,,,,,,,,,,,,,
146,,,JAMMU BAHU PLAZA,,,,,,,,,,,,,,,,,,,,,,,,
147,,,JAMMU - TRANSPORT NAGAR,,,,,,,,,,,,,,,,,,,,,,,,
148,,,GANDHI NAGAR,,,,,,,,,,,,,,,,,,,,,,,,
149,,,GURUNANAK NAGAR,,,,,,,,,,,,,,,,,,,,,,,,
150,,,"G S MARG, JAMMU",,,,,,,,,,,,,,,,,,,,,,,,
151,,,CHWADI,,,,,,,,,,,,,,,,,,,,,,,,
152,,,CHAK POUNI WAND,,,,,,,,,,,,,,,,,,,,,,,,
153,,,GADIGARH,,,,,,,,,,,,,,,,,,,,,,,,
154,,,SUNJWAN,,,,,,,,,,,,,,,,,,,,,,,,
155,,,DHARMAL,,,,,,,,,,,,,,,,,,,,,,,,
156,,,PHALORA NAGBANI,,,,,,,,,,,,,,,,,,,,,,,,
157,,,JAMMU PANJTIRTHI CHOWK,,,,,,,,,,,,,,,,,,,,,,,,
158,,,GANDHINAGAR- BRANCH,,,,,,,,,,,,,,,,,,,,,,,,
159,,,JAMMU SIDHRA,,,,,,,,,,,,,,,,,,,,,,,,
160,,,JAMMU BAKSHINAGAR,,,,,,,,,,,,,,,,,,,,,,,,
161,,,JAMMU GREATER KAILASH,,,,,,,,,,,,,,,,,,,,,,,,
162,,,JAMMU SATWARI,,,,,,,,,,,,,,,,,,,,,,,,
163,,,JAMMU R O,,,,,,,,,,,,,,,,,,,,,,,,
164,,,"TALAB TILLO, JAMMU",,,,,,,,,,,,,,,,,,,,,,,,
165,,,NEW SUBZIMANDI JAMMU,,,,,,,,,,,,,,,,,,,,,,,,
166,,,"GREATER KAILASH, JAMMU",,,,,,,,,,,,,,,,,,,,,,,,
167,,,JAMMU KUNJWAN,,,,,,,,,,,,,,,,,,,,,,,,
168,,,JAMMU - JAMMU AND KASHMIR,,,,,,,,,,,,,,,,,,,,,,,,
169,,,JAMMU - GUMAT,,,,,,,,,,,,,,,,,,,,,,,,
170,,,JANIPUR - JAMMU,,,,,,,,,,,,,,,,,,,,,,,,
171,,,BADI BRAHMNA - JAMMU,,,,,,,,,,,,,,,,,,,,,,,,
172,,,"NARWAL, JAMMU",,,,,,,,,,,,,,,,,,,,,,,,
173,,,RESIDENCY ROAD - JAMMU,,,,,,,,,,,,,,,,,,,,,,,,
174,,,REHARI - JAMMU,,,,,,,,,,,,,,,,,,,,,,,,
175,,,CHWADI,,,,,,,,,,,,,,,,,,,,,,,,
176,,,PATHWAL,,,,,,,,,,,,,,,,,,,,,,,,
177,,,NARWAL BACKOFFICE AND TRAINING CENTER,,,,,,,,,,,,,,,,,,,,,,,,
178,,,KACHI CHAWNI,,,,,,,,,,,,,,,,,,,,,,,,
179,,,GOLE MARKET GANDHI NAGAR,,,,,,,,,,,,,,,,,,,,,,,,
180,,,JAMMU - RESIDENCY ROAD,,,,,,,,,,,,,,,,,,,,,,,,
181,,,"KATRA, JAMMU & KASHMIR",,,,,,,,,,,,,,,,,,,,,,,,
182,,,SATWARI CHOWK JAMMU,,,,,,,,,,,,,,,,,,,,,,,,
183,,,CHAK KANA,,,,,,,,,,,,,,,,,,,,,,,,
184,,,ZONAL OFFICE JAMMU CENTRAL,,,,,,,,,,,,,,,,,,,,,,,,
185,,,DURGA NAGAR,,,,,,,,,,,,,,,,,,,,,,,,
186,,,"G.G.M.SCIENCE COLLEGE JAMMU, CLUSTER UNIVERSITY JAMMU",,,,,,,,,,,,,,,,,,,,,,,,
187,,,NARDANI RAIPUR,,,,,,,,,,,,,,,,,,,,,,,,
188,,,RANI TALAB,,,,,,,,,,,,,,,,,,,,,,,,
189,,,ROOP NAGAR,,,,,,,,,,,,,,,,,,,,,,,,
190,,,SAINIK COLONY,,,,,,,,,,,,,,,,,,,,,,,,
191,,,RAIPUR SATWARI,,,,,,,,,,,,,,,,,,,,,,,,
192,,,MARBLE MARKET,,,,,,,,,,,,,,,,,,,,,,,,
193,,,J P CHOWK BRANCH,,,,,,,,,,,,,,,,,,,,,,,,
194,,,BARI BRAHMANA JAMMU,,,,,,,,,,,,,,,,,,,,,,,,
195,,,RS PURA,,,,,,,,,,,,,,,,,,,,,,,,
196,,,JAMMU - JANIPUR,,,,,,,,,,,,,,,,,,,,,,,,
197,,,"JAMMU, JAMMU & KASHMIR",,,,,,,,,,,,,,,,,,,,,,,,
198,,,"MOHALLA JANIPUR, JAMMU",,,,,,,,,,,,,,,,,,,,,,,,
199,,,"REHARI COLONY, JAMMU",,,,,,,,,,,,,,,,,,,,,,,,
200,,,KATRA BRANCH,,,,,,,,,,,,,,,,,,,,,,,,
201,,,UDHAMPUR,,,,,,,,,,,,,,,,,,,,,,,,
202,,,MARH,,,,,,,,,,,,,,,,,,,,,,,,
203,,,KHOUR,,,,,,,,,,,,,,,,,,,,,,,,
204,,,SBLC JAMMU,,,,,,,,,,,,,,,,,,,,,,,,
205,,,KOT,,,,,,,,,,,,,,,,,,,,,,,,
206,,,BANTALAB,,,,,,,,,,,,,,,,,,,,,,,,
207,,,"R.S. PURA, DISTT JAMMU",,,,,,,,,,,,,,,,,,,,,,,,
208,,,"R S PURA, JAMMU",,,,,,,,,,,,,,,,,,,,,,,,
209,,,JAMMU EXCHANGE ROAD,,,,,,,,,,,,,,,,,,,,,,,,
210,,,BABLIANA MAHANT BACHITAR SINGH COLL. ENG.,,,,,,,,,,,,,,,,,,,,,,,,
211,,,SME JAMMU,,,,,,,,,,,,,,,,,,,,,,,,
212,,,TRIKUTA NAGAR,,,,,,,,,,,,,,,,,,,,,,,,
213,,,RBO II JAMMU,,,,,,,,,,,,,,,,,,,,,,,,
214,,,RBO V JAMMU,,,,,,,,,,,,,,,,,,,,,,,,
215,,,"SBIINTOUCH HUDCO BHAWAN,JAMMU",,,,,,,,,,,,,,,,,,,,,,,,
216,,,SAINIK COLONY JAMMU,,,,,,,,,,,,,,,,,,,,,,,,
217,,,KALUCHAK,,,,,,,,,,,,,,,,,,,,,,,,
218,,,NEW PLOT JAMMU,,,,,,,,,,,,,,,,,,,,,,,,
219,,,CITIZENS COOP BANK JAMMU NEW PLOTS,,,,,,,,,,,,,,,,,,,,,,,,
220,,,CITIZENS COOP BANK JAMMU JANIPUR,,,,,,,,,,,,,,,,,,,,,,,,
221,,,NARWAL JAMMU,,,,,,,,,,,,,,,,,,,,,,,,
222,,,NARWAL,,,,,,,,,,,,,,,,,,,,,,,,
223,,,TRANSPORT NAGAR,,,,,,,,,,,,,,,,,,,,,,,,
224,,,CITIZENS COOP BANK JAMMU TRNSPRTNGR,,,,,,,,,,,,,,,,,,,,,,,,
225,,,CITIZENS COOP BANK JAMMU SHEIKHNGR,,,,,,,,,,,,,,,,,,,,,,,,
226,,,NANAK NAGAR,,,,,,,,,,,,,,,,,,,,,,,,
227,,,D A C  DATA ARCHIVAL CELL,,,,,,,,,,,,,,,,,,,,,,,,
228,,,JAMMU RAILWAY ROAD,,,,,,,,,,,,,,,,,,,,,,,,
229,,,SHASTRI NAGAR,,,,,,,,,,,,,,,,,,,,,,,,
230,,,CITIZENS COOP BANK JAMMU C O,,,,,,,,,,,,,,,,,,,,,,,,
231,,,CITIZENS COOP BANK JAMMU WARE HOUSE,,,,,,,,,,,,,,,,,,,,,,,,
232,,,CITIZENS COOP BANK JAMMU SHASTRINGR,,,,,,,,,,,,,,,,,,,,,,,,
233,,,JAMMU CANTT,,,,,,,,,,,,,,,,,,,,,,,,
234,,,"RAILWAY STATION, JAMMU",,,,,,,,,,,,,,,,,,,,,,,,
235,,,GANGYAL,,,,,,,,,,,,,,,,,,,,,,,,
236,,,BOHRI JAMMU,,,,,,,,,,,,,,,,,,,,,,,,
237,,,JAMMU-RAGHUNATH BAZAR,,,,,,,,,,,,,,,,,,,,,,,,
238,,,JAMMU M.C.K.HIGH SCHOOL,,,,,,,,,,,,,,,,,,,,,,,,
239,,,CAC JAMMU,,,,,,,,,,,,,,,,,,,,,,,,
240,,,"KARAN NAGAR, JAMMU",,,,,,,,,,,,,,,,,,,,,,,,
241,,,SHAKTI NAGAR,,,,,,,,,,,,,,,,,,,,,,,,
242,,,JAIN BAZAR JAMMU,,,,,,,,,,,,,,,,,,,,,,,,
243,,,JAMMU MAIN,,,,,,,,,,,,,,,,,,,,,,,,
244,,,KUNJWANI BYE PASS JAMMU,,,,,,,,,,,,,,,,,,,,,,,,
245,,,JAMMU 2 RESIDENCY ROAD,,,,,,,,,,,,,,,,,,,,,,,,
246,,,CITIZENS COOP BANK JAMMU MOTI BAZAR,,,,,,,,,,,,,,,,,,,,,,,,
247,,,CITIZENS COOP BANK JAMMU KANAKMANDI,,,,,,,,,,,,,,,,,,,,,,,,
248,,,CITIZENS COOP BANK JAMMU VINAIK BZR,,,,,,,,,,,,,,,,,,,,,,,,
249,,,"RESHAM GHAR COLONY, JAMMU",,,,,,,,,,,,,,,,,,,,,,,,
250,,,JAMMU [MAIN],,,,,,,,,,,,,,,,,,,,,,,,
251,,,PURANI MANDI,,,,,,,,,,,,,,,,,,,,,,,,
252,,,"KATRA, JAMMU",,,,,,,,,,,,,,,,,,,,,,,,
253,,,SIMBAL MORR,,,,,,,,,,,,,,,,,,,,,,,,
254,,,JAMMU MUTHI,,,,,,,,,,,,,,,,,,,,,,,,
255,,,OLD SATWARI JAMMU,,,,,,,,,,,,,,,,,,,,,,,,
256,,,RANBEER SINGH PURA,,,,,,,,,,,,,,,,,,,,,,,,
257,,,CITIZENS COOP BANK JAMMU R S PURA,,,,,,,,,,,,,,,,,,,,,,,,
258,,,RANBIRSINGPORA,,,,,,,,,,,,,,,,,,,,,,,,
259,,,JAMMU REHARI,,,,,,,,,,,,,,,,,,,,,,,,
260,,,REHAL DHAMALIAN,,,,,,,,,,,,,,,,,,,,,,,,
261,,,TARORE,,,,,,,,,,,,,,,,,,,,,,,,
262,,,GHAGOUR,,,,,,,,,,,,,,,,,,,,,,,,
263,,,SAMBA JAMMU & KASHMIR,,,,,,,,,,,,,,,,,,,,,,,,
264,,,GHAGWAL,,,,,,,,,,,,,,,,,,,,,,,,
265,,,KEHLI MANDI  SAMBA,,,,,,,,,,,,,,,,,,,,,,,,
266,,,SUPWAL,,,,,,,,,,,,,,,,,,,,,,,,
267,,,"CENTRAL UNIVERSITY OF JAMMU,BAGLA",,,,,,,,,,,,,,,,,,,,,,,,
268,,,CITIZENS COOP BANK JAMMU VIJAYPUR,,,,,,,,,,,,,,,,,,,,,,,,
269,,,BOHRI,,,,,,,,,,,,,,,,,,,,,,,,
270,,,TALAB TILLO,,,,,,,,,,,,,,,,,,,,,,,,
271,,,TALAB TILO,,,,,,,,,,,,,,,,,,,,,,,,
272,,,CITIZENS COOP BANK JAMMU TALABTILLO,,,,,,,,,,,,,,,,,,,,,,,,
273,,,SHALIMAR ROAD(MAIN),,,,,,,,,,,,,,,,,,,,,,,,
274,,,JAMMU MAIN BRANCH,,,,,,,,,,,,,,,,,,,,,,,,
275,,,"NARWAL BR, JAMMU",,,,,,,,,,,,,,,,,,,,,,,,
276,,,DANSAL,,,,,,,,,,,,,,,,,,,,,,,,
277,,,JAGTI TOWNSHIP,,,,,,,,,,,,,,,,,,,,,,,,
278,,,NAGROTA,,,,,,,,,,,,,,,,,,,,,,,,
279,,,SAJWAL,,,,,,,,,,,,,,,,,,,,,,,,
280,,,"DUMANA RAJPUR AKNOOR RD, DISTT",,,,,,,,,,,,,,,,,,,,,,,,
281,,,DOMANA,,,,,,,,,,,,,,,,,,,,,,,,
282,,,JOURIAN,,,,,,,,,,,,,,,,,,,,,,,,
283,,,BATHINDI,,,,,,,,,,,,,,,,,,,,,,,,
284,,,"BARI BHAHMANA, DISTT. JAMMU (J",,,,,,,,,,,,,,,,,,,,,,,,
285,,,BSF PALOURA,,,,,,,,,,,,,,,,,,,,,,,,
286,,,BANTALAB JAMMU,,,,,,,,,,,,,,,,,,,,,,,,
287,,,DURGA NAGAR BANTALAB JAMMU,,,,,,,,,,,,,,,,,,,,,,,,
288,,,AMB GROTA,,,,,,,,,,,,,,,,,,,,,,,,
289,,,KULLIAN,,,,,,,,,,,,,,,,,,,,,,,,
290,,,PALOURA JAMMU,,,,,,,,,,,,,,,,,,,,,,,,
291,,,SIDHRA JAMMU,,,,,,,,,,,,,,,,,,,,,,,,
292,,,JAMMU-TRIKUTA NAGAR,,,,,,,,,,,,,,,,,,,,,,,,
293,,,CANAL ROAD JAMMU,,,,,,,,,,,,,,,,,,,,,,,,
294,,,TRIKUTA NAGAR (JAMMU),,,,,,,,,,,,,,,,,,,,,,,,
295,,,NOWABAD(SUNJAWAN),,,,,,,,,,,,,,,,,,,,,,,,
296,,,"GANGYAL, DISTT. JAMMU (J & K)",,,,,,,,,,,,,,,,,,,,,,,,
297,,,GREATER KAILASH JAMMU,,,,,,,,,,,,,,,,,,,,,,,,
298,,,"MAIN ROAD JANIPUR CHOWK ,JAMMU",,,,,,,,,,,,,,,,,,,,,,,,
299,,,FRUIT COMPLEX JAMMU,,,,,,,,,,,,,,,,,,,,,,,,
300,,,"JAMMU REHARI CHOWK, DISTT. JAM",,,,,,,,,,,,,,,,,,,,,,,,
301,,,JAMMU-REHARI CHOWK,,,,,,,,,,,,,,,,,,,,,,,,
302,,,SARWAL,,,,,,,,,,,,,,,,,,,,,,,,
303,,,NEW PLOT JAMMU,,,,,,,,,,,,,,,,,,,,,,,,
304,,,REHARI JAMMU,,,,,,,,,,,,,,,,,,,,,,,,
305,,,JAMMU-GANDHI NAGAR,,,,,,,,,,,,,,,,,,,,,,,,
306,,,GANDHINAGR JAMMU,,,,,,,,,,,,,,,,,,,,,,,,
307,,,GANDHINAGAR - JAMMU,,,,,,,,,,,,,,,,,,,,,,,,
308,,,NANAK NAGAR JAMMU,,,,,,,,,,,,,,,,,,,,,,,,
309,,,JAMMU CANTT.,,,,,,,,,,,,,,,,,,,,,,,,
310,,,NEW UNIVERSITY CAMPUS JAMMU,,,,,,,,,,,,,,,,,,,,,,,,
311,,,NAI BASTI JAMMU,,,,,,,,,,,,,,,,,,,,,,,,
312,,,FRIENDS COLONY PALOURA,,,,,,,,,,,,,,,,,,,,,,,,
313,,,CAMP GOLE  GUJRAL,,,,,,,,,,,,,,,,,,,,,,,,
314,,,"TALAB TILLOO, JAMMU",,,,,,,,,,,,,,,,,,,,,,,,
315,,,TALAB TILLO JAMMU,,,,,,,,,,,,,,,,,,,,,,,,
316,,,B. C. ROAD,,,,,,,,,,,,,,,,,,,,,,,,
317,,,BAKSHI NAGAR JAMMU,,,,,,,,,,,,,,,,,,,,,,,,
318,,,RCC JAMMU,,,,,,,,,,,,,,,,,,,,,,,,
319,,,CHANDNAGAR JAMMU,,,,,,,,,,,,,,,,,,,,,,,,
320,,,JAMMU CHANNI HIMMAT,,,,,,,,,,,,,,,,,,,,,,,,
321,,,CHOWK CHABUTRA JAMMU,,,,,,,,,,,,,,,,,,,,,,,,
322,,,"JAMMU, JAIN BAZAR",,,,,,,,,,,,,,,,,,,,,,,,
323,,,KACHI CHAWNI JAMMU,,,,,,,,,,,,,,,,,,,,,,,,
324,,,LAKHDATTA BAZAR JAMMU,,,,,,,,,,,,,,,,,,,,,,,,
325,,,LINK ROAD JAMMU,,,,,,,,,,,,,,,,,,,,,,,,
326,,,GOVERNMENT MEDICAL COLLEGE  JAMMU,,,,,,,,,,,,,,,,,,,,,,,,
327,,,NEHRU MARKET JAMMU,,,,,,,,,,,,,,,,,,,,,,,,
328,,,PATEL NAGAR JAMMU,,,,,,,,,,,,,,,,,,,,,,,,
329,,,RESIDENCY ROAD JAMMU,,,,,,,,,,,,,,,,,,,,,,,,
330,,,SHALAMAR ROAD JAMMU,,,,,,,,,,,,,,,,,,,,,,,,
331,,,"JAMMU TAWI SHALIMAR ROAD, DIST",,,,,,,,,,,,,,,,,,,,,,,,
332,,,TOWN HALL JAMMU,,,,,,,,,,,,,,,,,,,,,,,,
333,,,UPPER GUMMAT JAMMU,,,,,,,,,,,,,,,,,,,,,,,,
334,,,JAMMU MID CORPORATE,,,,,,,,,,,,,,,,,,,,,,,,
335,,,SATWARI,,,,,,,,,,,,,,,,,,,,,,,,
336,,,SOPORE (KASHMIR),,,,,,,,,,,,,,,,,,,,,,,,
337,,,"BARAMULLA, DISTT BANDIPORA J&K",,,,,,,,,,,,,,,,,,,,,,,,
338,,,BIJBEHARA (KASHMIR),,,,,,,,,,,,,,,,,,,,,,,,
339,,,"THEIN, DISTT. KATHUA (J&K)",,,,,,,,,,,,,,,,,,,,,,,,
340,,,"REASI,MAIN BAZAR",,,,,,,,,,,,,,,,,,,,,,,,
341,,,"BARMEEN,DISTT. UDHAMPUR (J & K",,,,,,,,,,,,,,,,,,,,,,,,
342,,,"GORDHI, DISTT. UDHAMPUR (J & K",,,,,,,,,,,,,,,,,,,,,,,,
343,,,"AGHORE, DISTT. JAMMU (J & K)",,,,,,,,,,,,,,,,,,,,,,,,
344,,,JAMMU JAMMU & KASHMIR,,,,,,,,,,,,,,,,,,,,,,,,
345,,,AKCHAMAL,,,,,,,,,,,,,,,,,,,,,,,,
346,,,PUSKYUM,,,,,,,,,,,,,,,,,,,,,,,,
347,,,SHARGOL,,,,,,,,,,,,,,,,,,,,,,,,
348,,,KARGIL LADAAKH,,,,,,,,,,,,,,,,,,,,,,,,
349,,,KHUMBTHANG,,,,,,,,,,,,,,,,,,,,,,,,
350,,,"BANI, DIST KATHUA",,,,,,,,,,,,,,,,,,,,,,,,
351,,,MARTA NAGROTA,,,,,,,,,,,,,,,,,,,,,,,,
352,,,"KATHUA,JAMMU & KASHMIR",,,,,,,,,,,,,,,,,,,,,,,,
353,,,JAMMU CHAK DIYALLA,,,,,,,,,,,,,,,,,,,,,,,,
354,,,JAMMU NARWAL,,,,,,,,,,,,,,,,,,,,,,,,
355,,,"KATHUA, JAMMU & KASHMIR",,,,,,,,,,,,,,,,,,,,,,,,
356,,,"DINGA AMB, KATHUA",,,,,,,,,,,,,,,,,,,,,,,,
357,,,ZONAL OFFICE JAMMU CENTRAL TWO,,,,,,,,,,,,,,,,,,,,,,,,
358,,,RAJPURA,,,,,,,,,,,,,,,,,,,,,,,,
359,,,DAYALACHAK,,,,,,,,,,,,,,,,,,,,,,,,
360,,,KALIBARI KATHUA,,,,,,,,,,,,,,,,,,,,,,,,
361,,,ADB KATHUA,,,,,,,,,,,,,,,,,,,,,,,,
362,,,COLLEGE ROAD KATHUA,,,,,,,,,,,,,,,,,,,,,,,,
363,,,INDUSTRIAL ESTATE KATHUA,,,,,,,,,,,,,,,,,,,,,,,,
364,,,KALIBARI,,,,,,,,,,,,,,,,,,,,,,,,
365,,,KATHUA,,,,,,,,,,,,,,,,,,,,,,,,
366,,,KATRA  JAMMU,,,,,,,,,,,,,,,,,,,,,,,,
367,,,KATRA,,,,,,,,,,,,,,,,,,,,,,,,
368,,,BOUNJWAH(BINOON,,,,,,,,,,,,,,,,,,,,,,,,
369,,,"MINI-SECRETARIAT, KISHTWAR",,,,,,,,,,,,,,,,,,,,,,,,
370,,,"SHIV NAGAR, DHARBADAN",,,,,,,,,,,,,,,,,,,,,,,,
371,,,TIYARI KISHTWAR,,,,,,,,,,,,,,,,,,,,,,,,
372,,,HELIPAD KISTWAR,,,,,,,,,,,,,,,,,,,,,,,,
373,,,HIDYAL,,,,,,,,,,,,,,,,,,,,,,,,
374,,,KULEED,,,,,,,,,,,,,,,,,,,,,,,,
375,,,ASHMUJI,,,,,,,,,,,,,,,,,,,,,,,,
376,,,FRUIT MANDI KULGAM,,,,,,,,,,,,,,,,,,,,,,,,
377,,,BUNIGAM,,,,,,,,,,,,,,,,,,,,,,,,
378,,,"GOPALPORA, KULGAM",,,,,,,,,,,,,,,,,,,,,,,,
379,,,KILLAM,,,,,,,,,,,,,,,,,,,,,,,,
380,,,TARIGAM,,,,,,,,,,,,,,,,,,,,,,,,
381,,,NILLOW,,,,,,,,,,,,,,,,,,,,,,,,
382,,,MUNAND GUFFAN,,,,,,,,,,,,,,,,,,,,,,,,
383,,,CHOWGAM,,,,,,,,,,,,,,,,,,,,,,,,
384,,,WALTENGO,,,,,,,,,,,,,,,,,,,,,,,,
385,,,"KULGAM, DISTT. ANANTNAG (J & K",,,,,,,,,,,,,,,,,,,,,,,,
386,,,ARAMPORA,,,,,,,,,,,,,,,,,,,,,,,,
387,,,REGIPORA,,,,,,,,,,,,,,,,,,,,,,,,
388,,,HALMATPORA,,,,,,,,,,,,,,,,,,,,,,,,
389,,,HARAI,,,,,,,,,,,,,,,,,,,,,,,,
390,,,GAGAL,,,,,,,,,,,,,,,,,,,,,,,,
391,,,HANDWARA,,,,,,,,,,,,,,,,,,,,,,,,
392,,,KULIGAM,,,,,,,,,,,,,,,,,,,,,,,,
393,,,NEGRIMALPORA KUPAWRA,,,,,,,,,,,,,,,,,,,,,,,,
394,,,ASHIPORA,,,,,,,,,,,,,,,,,,,,,,,,
395,,,DEVAR,,,,,,,,,,,,,,,,,,,,,,,,
396,,,KARNAH,,,,,,,,,,,,,,,,,,,,,,,,
397,,,TARATHPORA,,,,,,,,,,,,,,,,,,,,,,,,
398,,,KRALGUND,,,,,,,,,,,,,,,,,,,,,,,,
399,,,YOUNUS WAHIPORA,,,,,,,,,,,,,,,,,,,,,,,,
400,,,KUPWARA,,,,,,,,,,,,,,,,,,,,,,,,
401,,,"LEH,LADAKH",,,,,,,,,,,,,,,,,,,,,,,,
402,,,TANGSAY,,,,,,,,,,,,,,,,,,,,,,,,
403,,,ZONAL OFFICE LEH,,,,,,,,,,,,,,,,,,,,,,,,
404,,,MOTI MARKET LEH,,,,,,,,,,,,,,,,,,,,,,,,
405,,,PANAMIK,,,,,,,,,,,,,,,,,,,,,,,,
406,,,SHEY,,,,,,,,,,,,,,,,,,,,,,,,
407,,,UPSHI LEH,,,,,,,,,,,,,,,,,,,,,,,,
408,,,LEHTOWN,,,,,,,,,,,,,,,,,,,,,,,,
409,,,SASPOL,,,,,,,,,,,,,,,,,,,,,,,,
410,,,CHOGLAMSAR,,,,,,,,,,,,,,,,,,,,,,,,
411,,,LEH-LADAKH,,,,,,,,,,,,,,,,,,,,,,,,
412,,,T.C.A LEH,,,,,,,,,,,,,,,,,,,,,,,,
413,,,NIMU,,,,,,,,,,,,,,,,,,,,,,,,
414,,,"MATSTLANG, KARU",,,,,,,,,,,,,,,,,,,,,,,,
415,,,FIRE AND FURY,,,,,,,,,,,,,,,,,,,,,,,,
416,,,SNM HOSPITAL LEH,,,,,,,,,,,,,,,,,,,,,,,,
417,,,BOGDANG,,,,,,,,,,,,,,,,,,,,,,,,
418,,,HANDWARA (J&K),,,,,,,,,,,,,,,,,,,,,,,,
419,,,FRUIT MANDI SRINAGAR,,,,,,,,,,,,,,,,,,,,,,,,
420,,,"MATTAN, DISTT. ANANTNAG (J & K",,,,,,,,,,,,,,,,,,,,,,,,
421,,,MIRAN SAHIB,,,,,,,,,,,,,,,,,,,,,,,,
422,,,NAGBANI,,,,,,,,,,,,,,,,,,,,,,,,
423,,,KISHTWAR,,,,,,,,,,,,,,,,,,,,,,,,
424,,,JAMMU BYE PASS,,,,,,,,,,,,,,,,,,,,,,,,
425,,,"PHRISAL, DISTT. KULGAM  (J &K)",,,,,,,,,,,,,,,,,,,,,,,,
426,,,LORAN,,,,,,,,,,,,,,,,,,,,,,,,
427,,,SATHRA,,,,,,,,,,,,,,,,,,,,,,,,
428,,,BHATA DHURIA,,,,,,,,,,,,,,,,,,,,,,,,
429,,,SAKHIMAIDAN,,,,,,,,,,,,,,,,,,,,,,,,
430,,,SANGLA CHOWK,,,,,,,,,,,,,,,,,,,,,,,,
431,,,BALAKOTE,,,,,,,,,,,,,,,,,,,,,,,,
432,,,BUS STAND POONCH,,,,,,,,,,,,,,,,,,,,,,,,
433,,,BUFLIAZ POONCH,,,,,,,,,,,,,,,,,,,,,,,,
434,,,"KHANETAR KANUYIAN, POONCH",,,,,,,,,,,,,,,,,,,,,,,,
435,,,SHERI-KASHMIR BRIDGE,,,,,,,,,,,,,,,,,,,,,,,,
436,,,SAMOTE,,,,,,,,,,,,,,,,,,,,,,,,
437,,,"POONCH,MAIN BAZAR (J&K)",,,,,,,,,,,,,,,,,,,,,,,,
438,,,AWANTIPORA,,,,,,,,,,,,,,,,,,,,,,,,
439,,,CHERSOO,,,,,,,,,,,,,,,,,,,,,,,,
440,,,MAIN MARKET AWANTIPORA,,,,,,,,,,,,,,,,,,,,,,,,
441,,,AWANTIPUR,,,,,,,,,,,,,,,,,,,,,,,,
442,,,FRUIT MANDI PRICHOO,,,,,,,,,,,,,,,,,,,,,,,,
443,,,MIGRANT COLONY HAAL,,,,,,,,,,,,,,,,,,,,,,,,
444,,,NEHAMA PULWAMA,,,,,,,,,,,,,,,,,,,,,,,,
445,,,MURRAN PULWAMA,,,,,,,,,,,,,,,,,,,,,,,,
446,,,KAREEMABAD,,,,,,,,,,,,,,,,,,,,,,,,
447,,,JKEDI PAMPORE,,,,,,,,,,,,,,,,,,,,,,,,
448,,,WUYAN,,,,,,,,,,,,,,,,,,,,,,,,
449,,,"PAMPORE, JAMMU & KASHMIR",,,,,,,,,,,,,,,,,,,,,,,,
450,,,LARIK PORA,,,,,,,,,,,,,,,,,,,,,,,,
451,,,PARIGAM,,,,,,,,,,,,,,,,,,,,,,,,
452,,,ACHEN,,,,,,,,,,,,,,,,,,,,,,,,
453,,,PANZGAM PULWAMA,,,,,,,,,,,,,,,,,,,,,,,,
454,,,SAMBOORA PULWAMA,,,,,,,,,,,,,,,,,,,,,,,,
455,,,TIKEN BATAPORA,,,,,,,,,,,,,,,,,,,,,,,,
456,,,"TOKUNA, PULWAMA",,,,,,,,,,,,,,,,,,,,,,,,
457,,,TUMLAHAL PULWAMA,,,,,,,,,,,,,,,,,,,,,,,,
458,,,WAHIBUGH PULWAMA,,,,,,,,,,,,,,,,,,,,,,,,
459,,,"WASHBUG, PULWAMA",,,,,,,,,,,,,,,,,,,,,,,,
460,,,ZONAL OFFICE SOUTH PULWAMA,,,,,,,,,,,,,,,,,,,,,,,,
461,,,SHOPIAN,,,,,,,,,,,,,,,,,,,,,,,,
462,,,ABHAMA,,,,,,,,,,,,,,,,,,,,,,,,
463,,,SHADMAN COMPLEX - SHOPIAN,,,,,,,,,,,,,,,,,,,,,,,,
464,,,CHITRAGAM,,,,,,,,,,,,,,,,,,,,,,,,
465,,,ARIPAL,,,,,,,,,,,,,,,,,,,,,,,,
466,,,PINGLIN,,,,,,,,,,,,,,,,,,,,,,,,
467,,,PAMPORE,,,,,,,,,,,,,,,,,,,,,,,,
468,,,PULWAMA (J & K0,,,,,,,,,,,,,,,,,,,,,,,,
469,,,"JAMMU RCC, DISTT. JAMMU (J & K",,,,,,,,,,,,,,,,,,,,,,,,
470,,,SRINAGAR - HARI SINGH HIGH STREET,,,,,,,,,,,,,,,,,,,,,,,,
471,,,"KOTLI ARJUN SINGH , J&K",,,,,,,,,,,,,,,,,,,,,,,,
472,,,NOWSHERA,,,,,,,,,,,,,,,,,,,,,,,,
473,,,ARMY DIV HQ RAJOURI,,,,,,,,,,,,,,,,,,,,,,,,
474,,,RAJOURI,,,,,,,,,,,,,,,,,,,,,,,,
475,,,CHOWKI HANDAN,,,,,,,,,,,,,,,,,,,,,,,,
476,,,PALMA,,,,,,,,,,,,,,,,,,,,,,,,
477,,,JAWAHAR NAGAR - RAJOURI,,,,,,,,,,,,,,,,,,,,,,,,
478,,,BUS STAND MENDHER,,,,,,,,,,,,,,,,,,,,,,,,
479,,,KALLAR,,,,,,,,,,,,,,,,,,,,,,,,
480,,,KERI TERYATH,,,,,,,,,,,,,,,,,,,,,,,,
481,,,LAMBERI,,,,,,,,,,,,,,,,,,,,,,,,
482,,,"LOHARAKOTE, SUNDERBANI",,,,,,,,,,,,,,,,,,,,,,,,
483,,,MURADPUR RAJOURI,,,,,,,,,,,,,,,,,,,,,,,,
484,,,PHALIANA,,,,,,,,,,,,,,,,,,,,,,,,
485,,,SHAHDRA SHARIEF,,,,,,,,,,,,,,,,,,,,,,,,
486,,,TANDWAL,,,,,,,,,,,,,,,,,,,,,,,,
487,,,ZONAL OFFICE JAMMU WEST RAJOURI,,,,,,,,,,,,,,,,,,,,,,,,
488,,,THANAMANDI,,,,,,,,,,,,,,,,,,,,,,,,
489,,,JAWAHAR NAGAR RAJOURI,,,,,,,,,,,,,,,,,,,,,,,,
490,,,BALSHAMA,,,,,,,,,,,,,,,,,,,,,,,,
491,,,BUDHAL,,,,,,,,,,,,,,,,,,,,,,,,
492,,,SAJ RAJOURI,,,,,,,,,,,,,,,,,,,,,,,,
493,,,KHARI,,,,,,,,,,,,,,,,,,,,,,,,
494,,,RAMBAN,,,,,,,,,,,,,,,,,,,,,,,,
495,,,CHAMALWAS RAMBAN,,,,,,,,,,,,,,,,,,,,,,,,
496,,,TETHAR,,,,,,,,,,,,,,,,,,,,,,,,
497,,,KASKOOT,,,,,,,,,,,,,,,,,,,,,,,,
498,,,RAMGARH,,,,,,,,,,,,,,,,,,,,,,,,
499,,,AGHARJITTO,,,,,,,,,,,,,,,,,,,,,,,,
500,,,MAHORE,,,,,,,,,,,,,,,,,,,,,,,,
501,,,DC OFFICE REASI,,,,,,,,,,,,,,,,,,,,,,,,
502,,,ADH KUWARI,,,,,,,,,,,,,,,,,,,,,,,,
503,,,NANDANI HILLS SAMBA,,,,,,,,,,,,,,,,,,,,,,,,
504,,,BISHNA,,,,,,,,,,,,,,,,,,,,,,,,
505,,,BARI BRAHMANA,,,,,,,,,,,,,,,,,,,,,,,,
506,,,MEAN CHARKAH,,,,,,,,,,,,,,,,,,,,,,,,
507,,,BARIBRAHMANA,,,,,,,,,,,,,,,,,,,,,,,,
508,,,JATWAL,,,,,,,,,,,,,,,,,,,,,,,,
509,,,RAHYA,,,,,,,,,,,,,,,,,,,,,,,,
510,,,SAMBA  SME,,,,,,,,,,,,,,,,,,,,,,,,
511,,,VIJAYPORE,,,,,,,,,,,,,,,,,,,,,,,,
512,,,BARI BRAHAMNA,,,,,,,,,,,,,,,,,,,,,,,,
513,,,RAMGARH,,,,,,,,,,,,,,,,,,,,,,,,
514,,,SURARA,,,,,,,,,,,,,,,,,,,,,,,,
515,,,MANSAR,,,,,,,,,,,,,,,,,,,,,,,,
516,,,VIJAYPUR KOTHEY,,,,,,,,,,,,,,,,,,,,,,,,
517,,,RAJPURA,,,,,,,,,,,,,,,,,,,,,,,,
518,,,IC BARI BRAHAMNA,,,,,,,,,,,,,,,,,,,,,,,,
519,,,VIJAYPUR,,,,,,,,,,,,,,,,,,,,,,,,
520,,,SAMROLI (J & K),,,,,,,,,,,,,,,,,,,,,,,,
521,,,RAWALPURA,,,,,,,,,,,,,,,,,,,,,,,,
522,,,"SHADIPORA, DISTT. BARAMULLA (J",,,,,,,,,,,,,,,,,,,,,,,,
523,,,CHECKI-CHOLAN,,,,,,,,,,,,,,,,,,,,,,,,
524,,,KUMDALAN SHOPIAN,,,,,,,,,,,,,,,,,,,,,,,,
525,,,NAGABAL,,,,,,,,,,,,,,,,,,,,,,,,
526,,,WACHI,,,,,,,,,,,,,,,,,,,,,,,,
527,,,RATNIPORA SHOPIAN,,,,,,,,,,,,,,,,,,,,,,,,
528,,,BATAPORA,,,,,,,,,,,,,,,,,,,,,,,,
529,,,COURT ROAD SHOPIAN,,,,,,,,,,,,,,,,,,,,,,,,
530,,,DK PORA SHOPIAN,,,,,,,,,,,,,,,,,,,,,,,,
531,,,"HEFF, SHOPIAN",,,,,,,,,,,,,,,,,,,,,,,,
532,,,ARAHAMA,,,,,,,,,,,,,,,,,,,,,,,,
533,,,KEYGAM,,,,,,,,,,,,,,,,,,,,,,,,
534,,,KAPRIN,,,,,,,,,,,,,,,,,,,,,,,,
535,,,GENERAL BUS STAND BATAMALOO,,,,,,,,,,,,,,,,,,,,,,,,
536,,,MUJIGUND,,,,,,,,,,,,,,,,,,,,,,,,
537,,,GANDERBAL,,,,,,,,,,,,,,,,,,,,,,,,
538,,,ADB TULLAMULLA,,,,,,,,,,,,,,,,,,,,,,,,
539,,,GUND HASSI BHAT,,,,,,,,,,,,,,,,,,,,,,,,
540,,,KARANNAGAR SRINAGAR,,,,,,,,,,,,,,,,,,,,,,,,
541,,,PALPORA,,,,,,,,,,,,,,,,,,,,,,,,
542,,,SRINAGAR BRARI NUMBLE,,,,,,,,,,,,,,,,,,,,,,,,
543,,,JAMMU AND KASHMIR STATE COOP BANK,,,,,,,,,,,,,,,,,,,,,,,,
544,,,"DURGANAG, SRINAGAR (J & K)",,,,,,,,,,,,,,,,,,,,,,,,
545,,,"B R ROAD MAIN,SRINAGAR",,,,,,,,,,,,,,,,,,,,,,,,
546,,,"BADSHAH CHOWK,SRINAGAR",,,,,,,,,,,,,,,,,,,,,,,,
547,,,SRINAGAR CHANAPORA,,,,,,,,,,,,,,,,,,,,,,,,
548,,,"KHANYAR, SRINAGAR",,,,,,,,,,,,,,,,,,,,,,,,
549,,,"RAJBAGH, SRINAGAR",,,,,,,,,,,,,,,,,,,,,,,,
550,,,"NOWGRAM, SRINAGAR",,,,,,,,,,,,,,,,,,,,,,,,
551,,,BEMINA - SRINAGAR,,,,,,,,,,,,,,,,,,,,,,,,
552,,,ALAMGIRI,,,,,,,,,,,,,,,,,,,,,,,,
553,,,SOURA - SRINAGAR,,,,,,,,,,,,,,,,,,,,,,,,
554,,,CHAANPURA - SRINAGAR,,,,,,,,,,,,,,,,,,,,,,,,
555,,,PANTHA CHOWK - SRINAGAR,,,,,,,,,,,,,,,,,,,,,,,,
556,,,MUNAWARABADI - SRINAGAR,,,,,,,,,,,,,,,,,,,,,,,,
557,,,QAMARWARI,,,,,,,,,,,,,,,,,,,,,,,,
558,,,BREIN,,,,,,,,,,,,,,,,,,,,,,,,
559,,,DAARA,,,,,,,,,,,,,,,,,,,,,,,,
560,,,MALRU,,,,,,,,,,,,,,,,,,,,,,,,
561,,,BOMBAY MERCANTILE CO OP BANK LTD,,,,,,,,,,,,,,,,,,,,,,,,
562,,,IG ROAD SRINAGAR,,,,,,,,,,,,,,,,,,,,,,,,
563,,,AHMAD NAGAR,,,,,,,,,,,,,,,,,,,,,,,,
564,,,BALLAHAMA,,,,,,,,,,,,,,,,,,,,,,,,
565,,,BOULEVARD ROAD SRINAGAR,,,,,,,,,,,,,,,,,,,,,,,,
566,,,HABBAK CROSSING,,,,,,,,,,,,,,,,,,,,,,,,
567,,,INDUSTRIAL ESTATE ZAINAKOTE,,,,,,,,,,,,,,,,,,,,,,,,
568,,,LADIES BRANCH JAWAHAR NAGAR,,,,,,,,,,,,,,,,,,,,,,,,
569,,,GOVERNMENT BUSINESS LINK OFFICE CORPORATE HEADQUARTERS,,,,,,,,,,,,,,,,,,,,,,,,
570,,,MAGARMAL BAGH SRINAGAR,,,,,,,,,,,,,,,,,,,,,,,,
571,,,PC DEPOT SRINAGAR,,,,,,,,,,,,,,,,,,,,,,,,
572,,,SHUHAMA ALUSTENG,,,,,,,,,,,,,,,,,,,,,,,,
573,,,SAIDA KADAL,,,,,,,,,,,,,,,,,,,,,,,,
574,,,ZONAL OFFICE KASHMIR CENTRAL,,,,,,,,,,,,,,,,,,,,,,,,
575,,,ZONAL OFFICE KASHMIR CENTRAL TWO,,,,,,,,,,,,,,,,,,,,,,,,
576,,,SRIANAGAR FRUIT  MANDI,,,,,,,,,,,,,,,,,,,,,,,,
577,,,BURZULLA SRINAGAR,,,,,,,,,,,,,,,,,,,,,,,,
578,,,RBO IV SRINAGAR,,,,,,,,,,,,,,,,,,,,,,,,
579,,,BREIN SRINAGAR,,,,,,,,,,,,,,,,,,,,,,,,
580,,,SHALIMAR SRINAGAR,,,,,,,,,,,,,,,,,,,,,,,,
581,,,"LAL BAZAR, SRINAGAR",,,,,,,,,,,,,,,,,,,,,,,,
582,,,BEMINA SRINAGAR,,,,,,,,,,,,,,,,,,,,,,,,
583,,,CHANAPORA,,,,,,,,,,,,,,,,,,,,,,,,
584,,,"SBIINTOUCH, CENTRAL UNIVERSITY, NOWGAM",,,,,,,,,,,,,,,,,,,,,,,,
585,,,HYDERPORA  PEER BAGH,,,,,,,,,,,,,,,,,,,,,,,,
586,,,SOURA,,,,,,,,,,,,,,,,,,,,,,,,
587,,,JAWAHAR NGR,,,,,,,,,,,,,,,,,,,,,,,,
588,,,PBB SRINAGAR,,,,,,,,,,,,,,,,,,,,,,,,
589,,,ELLAQUAI DEHATI BANK RRB,,,,,,,,,,,,,,,,,,,,,,,,
590,,,AIR FIELD SRINAGAR,,,,,,,,,,,,,,,,,,,,,,,,
591,,,R E C SRINAGAR,,,,,,,,,,,,,,,,,,,,,,,,
592,,,SANAT NAGAR SRINAGAR,,,,,,,,,,,,,,,,,,,,,,,,
593,,,RAINWARI,,,,,,,,,,,,,,,,,,,,,,,,
594,,,ZAINAKADAL,,,,,,,,,,,,,,,,,,,,,,,,
595,,,SRINAGAR MAIN,,,,,,,,,,,,,,,,,,,,,,,,
596,,,BADAMI BAGH CANTT SRINAGAR,,,,,,,,,,,,,,,,,,,,,,,,
597,,,"TOURIST RECEPTION CENTRE, SRINAGAR",,,,,,,,,,,,,,,,,,,,,,,,
598,,,REGIONAL BUSINESS OFFICE SRINAGAR,,,,,,,,,,,,,,,,,,,,,,,,
599,,,"AG,S OFFICE BATMALOO SRINAGAR",,,,,,,,,,,,,,,,,,,,,,,,
600,,,BARZULLA I.E,,,,,,,,,,,,,,,,,,,,,,,,
601,,,HAZRATBAL,,,,,,,,,,,,,,,,,,,,,,,,
602,,,MALROO,,,,,,,,,,,,,,,,,,,,,,,,
603,,,BARZULLA SRINAGAR,,,,,,,,,,,,,,,,,,,,,,,,
604,,,UNIVERSITY CAMPUS HAZRATBAL(NANDPORA),,,,,,,,,,,,,,,,,,,,,,,,
605,,,J&K POLICE HEADQUARTERS,,,,,,,,,,,,,,,,,,,,,,,,
606,,,SKIMSS SRINAGAR,,,,,,,,,,,,,,,,,,,,,,,,
607,,,CHATTABAL,,,,,,,,,,,,,,,,,,,,,,,,
608,,,COMMERCIAL TAXES DEPARTMENT,,,,,,,,,,,,,,,,,,,,,,,,
609,,,CHQ,,,,,,,,,,,,,,,,,,,,,,,,
610,,,SRINAGAR  JK,,,,,,,,,,,,,,,,,,,,,,,,
611,,,DALGATE,,,,,,,,,,,,,,,,,,,,,,,,
612,,,"NATIPORA, DISTT. BADGAM (J & K",,,,,,,,,,,,,,,,,,,,,,,,
613,,,"JAWAHAR NAGAR, SRINAGAR",,,,,,,,,,,,,,,,,,,,,,,,
614,,,"AMIRAKADAL SRINAGAR, DISTT. SR",,,,,,,,,,,,,,,,,,,,,,,,
615,,,"SRINAGAR DALGATE, DISTT. SRINA",,,,,,,,,,,,,,,,,,,,,,,,
616,,,"SRINAGAR JEHANGIR CHOWK, DISTT",,,,,,,,,,,,,,,,,,,,,,,,
617,,,SRINAGAR JAMMU & KASHMIR,,,,,,,,,,,,,,,,,,,,,,,,
618,,,SUNDERBANI,,,,,,,,,,,,,,,,,,,,,,,,
619,,,ARMY PUBLIC SCHOOL UDHAMPUR,,,,,,,,,,,,,,,,,,,,,,,,
620,,,KATRA VAISHNO DEVI,,,,,,,,,,,,,,,,,,,,,,,,
621,,,DUDU,,,,,,,,,,,,,,,,,,,,,,,,
622,,,KULWANTA,,,,,,,,,,,,,,,,,,,,,,,,
623,,,POUNI,,,,,,,,,,,,,,,,,,,,,,,,
624,,,BHARAKH,,,,,,,,,,,,,,,,,,,,,,,,
625,,,MANTALIA,,,,,,,,,,,,,,,,,,,,,,,,
626,,,TOWN HALL - UDHAMPUR,,,,,,,,,,,,,,,,,,,,,,,,
627,,,JIB,,,,,,,,,,,,,,,,,,,,,,,,
628,,,DEVIKA URBAN CO-OPERATIVE BANK LTD,,,,,,,,,,,,,,,,,,,,,,,,
629,,,DALSAR,,,,,,,,,,,,,,,,,,,,,,,,
630,,,INDUSTRIAL ESTATE SICOP COMPLEX UDHAMPUR,,,,,,,,,,,,,,,,,,,,,,,,
631,,,JOHNU,,,,,,,,,,,,,,,,,,,,,,,,
632,,,MAND,,,,,,,,,,,,,,,,,,,,,,,,
633,,,ZONAL OFFICE JAMMU NORTH TWO,,,,,,,,,,,,,,,,,,,,,,,,
634,,,"UDHAMPUR,DIST HQ",,,,,,,,,,,,,,,,,,,,,,,,
635,,,JYOTIPURAM,,,,,,,,,,,,,,,,,,,,,,,,
636,,,RAMNAGAR,,,,,,,,,,,,,,,,,,,,,,,,
637,,,GARHI,,,,,,,,,,,,,,,,,,,,,,,,
638,,,AIR FORCE STATION UDHAMPUR,,,,,,,,,,,,,,,,,,,,,,,,
639,,,KATRA,,,,,,,,,,,,,,,,,,,,,,,,
640,,,"UDHAMPUR,JK",,,,,,,,,,,,,,,,,,,,,,,,
641,,,CHINAR COMPOUND UDHAMPUR,,,,,,,,,,,,,,,,,,,,,,,,
642,,,JAGANOO MORE,,,,,,,,,,,,,,,,,,,,,,,,
643,,,SMM RAMNAGAR,,,,,,,,,,,,,,,,,,,,,,,,
644,,,UDHAMPUR MAIN BAZAR,,,,,,,,,,,,,,,,,,,,,,,,
645,,,THILL ROWN,,,,,,,,,,,,,,,,,,,,,,,,
646,,,KAROO,,,,,,,,,,,,,,,,,,,,,,,,
647,,,TURTUK,,,,,,,,,,,,,,,,,,,,,,,,
648,,,TEMISGAM,,,,,,,,,,,,,,,,,,,,,,,,
649,,,HIMYA,,,,,,,,,,,,,,,,,,,,,,,,
650,,,KARGIL (MAIN),,,,,,,,,,,,,,,,,,,,,,,,
651,,,KHALTSI,,,,,,,,,,,,,,,,,,,,,,,,
652,,,LEH,,,,,,,,,,,,,,,,,,,,,,,,
653,,,NEAR POST OFFICE ROAD MAIN BAZAR,,,,,,,,,,,,,,,,,,,,,,,,
654,,,NIMMOO,,,,,,,,,,,,,,,,,,,,,,,,
655,,,NYOMA,,,,,,,,,,,,,,,,,,,,,,,,
656,,,PADAM ZANASKAR,,,,,,,,,,,,,,,,,,,,,,,,
657,,,SANKOO,,,,,,,,,,,,,,,,,,,,,,,,
658,,,SKALZANGLING,,,,,,,,,,,,,,,,,,,,,,,,
659,,,SAMOOR,,,,,,,,,,,,,,,,,,,,,,,,
660,,,THIKSAY,,,,,,,,,,,,,,,,,,,,,,,,
661,,,CHUGLAMSAR  LEH,,,,,,,,,,,,,,,,,,,,,,,,
662,,,AJAS,,,,,,,,,,,,,,,,,,,,,,,,
663,,,BANDIPORA,,,,,,,,,,,,,,,,,,,,,,,,
664,,,T P BANDIPUR,,,,,,,,,,,,,,,,,,,,,,,,
665,,,SUMBAL,,,,,,,,,,,,,,,,,,,,,,,,
666,,,NAID KHAI,,,,,,,,,,,,,,,,,,,,,,,,
667,,,HAJIN,,,,,,,,,,,,,,,,,,,,,,,,
668,,,HARDU ABOORA,,,,,,,,,,,,,,,,,,,,,,,,
669,,,TANGMARG,,,,,,,,,,,,,,,,,,,,,,,,
670,,,SEELO,,,,,,,,,,,,,,,,,,,,,,,,
671,,,CHINKIPORA SOPORE,,,,,,,,,,,,,,,,,,,,,,,,
672,,,RCC SOPORE,,,,,,,,,,,,,,,,,,,,,,,,
673,,,NOWPORA KALAN,,,,,,,,,,,,,,,,,,,,,,,,
674,,,ACHABAL SOPORE,,,,,,,,,,,,,,,,,,,,,,,,
675,,,AGRO HI TECH SOPORE,,,,,,,,,,,,,,,,,,,,,,,,
676,,,MAIN BAZAR SOPORE,,,,,,,,,,,,,,,,,,,,,,,,
677,,,TARZUA,,,,,,,,,,,,,,,,,,,,,,,,
678,,,T P SOPORE,,,,,,,,,,,,,,,,,,,,,,,,
679,,,SINGHPORA PATTAN,,,,,,,,,,,,,,,,,,,,,,,,
680,,,SHERABAD,,,,,,,,,,,,,,,,,,,,,,,,
681,,,KREERI,,,,,,,,,,,,,,,,,,,,,,,,
682,,,ARRAH,,,,,,,,,,,,,,,,,,,,,,,,
683,,,NIHAMA,,,,,,,,,,,,,,,,,,,,,,,,
684,,,BAGATI KANIPORA,,,,,,,,,,,,,,,,,,,,,,,,
685,,,MOHAMMAD PORA,,,,,,,,,,,,,,,,,,,,,,,,
686,,,LOWER MUNDA,,,,,,,,,,,,,,,,,,,,,,,,
687,,,MIR BAZAR ANANTNAG,,,,,,,,,,,,,,,,,,,,,,,,
688,,,MARHAMA,,,,,,,,,,,,,,,,,,,,,,,,
689,,,BIJBEHARA,,,,,,,,,,,,,,,,,,,,,,,,
690,,,NANIL,,,,,,,,,,,,,,,,,,,,,,,,
691,,,VESSU,,,,,,,,,,,,,,,,,,,,,,,,
692,,,KADDER,,,,,,,,,,,,,,,,,,,,,,,,
693,,,MANZGAM,,,,,,,,,,,,,,,,,,,,,,,,
694,,,BUGAM,,,,,,,,,,,,,,,,,,,,,,,,
695,,,PEHLOO,,,,,,,,,,,,,,,,,,,,,,,,
696,,,ACHABAL  ANANTNAG,,,,,,,,,,,,,,,,,,,,,,,,
697,,,AKINGAM,,,,,,,,,,,,,,,,,,,,,,,,
698,,,"ANANT NAG, DISTT. ANANTNAG (JA",,,,,,,,,,,,,,,,,,,,,,,,
699,,,BUL BUL NOWGAM,,,,,,,,,,,,,,,,,,,,,,,,
700,,,T P KULGAM,,,,,,,,,,,,,,,,,,,,,,,,
701,,,CHATTERGUL,,,,,,,,,,,,,,,,,,,,,,,,
702,,,CHEENI CHOWK ANANTNAG,,,,,,,,,,,,,,,,,,,,,,,,
703,,,KHEERIBAL,,,,,,,,,,,,,,,,,,,,,,,,
704,,,KHUDWANI,,,,,,,,,,,,,,,,,,,,,,,,
705,,,KOKERNAG,,,,,,,,,,,,,,,,,,,,,,,,
706,,,SADIQABAD,,,,,,,,,,,,,,,,,,,,,,,,
707,,,LARKIPORA,,,,,,,,,,,,,,,,,,,,,,,,
708,,,LARNOO,,,,,,,,,,,,,,,,,,,,,,,,
709,,,THE URBAN COOPERATIVE BANK LTD,,,,,,,,,,,,,,,,,,,,,,,,
710,,,RANIPORA,,,,,,,,,,,,,,,,,,,,,,,,
711,,,RCC ANANTNAG,,,,,,,,,,,,,,,,,,,,,,,,
712,,,SAGAM,,,,,,,,,,,,,,,,,,,,,,,,
713,,,SALLAR,,,,,,,,,,,,,,,,,,,,,,,,
714,,,SHANGUS,,,,,,,,,,,,,,,,,,,,,,,,
715,,,SRIGUPHWARA,,,,,,,,,,,,,,,,,,,,,,,,
716,,,T P ANANTNAG,,,,,,,,,,,,,,,,,,,,,,,,
717,,,ASHAJIPORA ANANTNAG,,,,,,,,,,,,,,,,,,,,,,,,
718,,,NEW MARKET ANANTNAG,,,,,,,,,,,,,,,,,,,,,,,,
719,,,SILIGAM,,,,,,,,,,,,,,,,,,,,,,,,
720,,,ARAKHOSHIPORA,,,,,,,,,,,,,,,,,,,,,,,,
721,,,GUND,,,,,,,,,,,,,,,,,,,,,,,,
722,,,CHUNDUNA,,,,,,,,,,,,,,,,,,,,,,,,
723,,,LAAR,,,,,,,,,,,,,,,,,,,,,,,,
724,,,SAFAPORA,,,,,,,,,,,,,,,,,,,,,,,,
725,,,DUDERHAMA,,,,,,,,,,,,,,,,,,,,,,,,
726,,,CHADURA,,,,,,,,,,,,,,,,,,,,,,,,
727,,,PANTHA CHOWK SRINAGAR,,,,,,,,,,,,,,,,,,,,,,,,
728,,,NATIPORA SRINAGAR,,,,,,,,,,,,,,,,,,,,,,,,
729,,,BALGARDEN SRINAGAR,,,,,,,,,,,,,,,,,,,,,,,,
730,,,RAJBAGH,,,,,,,,,,,,,,,,,,,,,,,,
731,,,SKUAST SRINAGAR,,,,,,,,,,,,,,,,,,,,,,,,
732,,,B B CANTT SRINAGAR,,,,,,,,,,,,,,,,,,,,,,,,
733,,,"CHINAR SHOPPING COMPLEX, SRINAGAR",,,,,,,,,,,,,,,,,,,,,,,,
734,,,OLD SECRETARIAT SRINAGAR,,,,,,,,,,,,,,,,,,,,,,,,
735,,,CHANNAPORA SRINAGAR,,,,,,,,,,,,,,,,,,,,,,,,
736,,,"RASMECCC-SARC, SRINAGAR",,,,,,,,,,,,,,,,,,,,,,,,
737,,,BOTSHAH MOHALLA SRINAGAR,,,,,,,,,,,,,,,,,,,,,,,,
738,,,HYDERPORA SRINAGAR,,,,,,,,,,,,,,,,,,,,,,,,
739,,,CHEST DISEASE HOSPITAL SRINAGAR,,,,,,,,,,,,,,,,,,,,,,,,
740,,,SADAR COURT SRINAGAR,,,,,,,,,,,,,,,,,,,,,,,,
741,,,BREIN NISHAT,,,,,,,,,,,,,,,,,,,,,,,,
742,,,LASJAN SRINAGAR,,,,,,,,,,,,,,,,,,,,,,,,
743,,,KARAN NAGAR - SRINAGAR,,,,,,,,,,,,,,,,,,,,,,,,
744,,,BP BATMALOO,,,,,,,,,,,,,,,,,,,,,,,,
745,,,AIR CARGO SRINAGAR,,,,,,,,,,,,,,,,,,,,,,,,
746,,,JAWAHAR NAGAR SRINAGAR,,,,,,,,,,,,,,,,,,,,,,,,
747,,,RANGRETH SRINAGAR,,,,,,,,,,,,,,,,,,,,,,,,
748,,,BADSHAH CHOWK,,,,,,,,,,,,,,,,,,,,,,,,
749,,,KARAN NAGAR,,,,,,,,,,,,,,,,,,,,,,,,
750,,,BOULEVARD RD.,,,,,,,,,,,,,,,,,,,,,,,,
751,,,KHANYAR SRINAGAR,,,,,,,,,,,,,,,,,,,,,,,,
752,,,NOWHATTA SRINAGAR,,,,,,,,,,,,,,,,,,,,,,,,
753,,,COMMON SERVICE CENTRE DEPTT.,,,,,,,,,,,,,,,,,,,,,,,,
754,,,AMIRA KADAL SRINAGAR,,,,,,,,,,,,,,,,,,,,,,,,
755,,,APEX BRANCH,,,,,,,,,,,,,,,,,,,,,,,,
756,,,ARIZAL,,,,,,,,,,,,,,,,,,,,,,,,
757,,,"RCC, SRINAGAR",,,,,,,,,,,,,,,,,,,,,,,,
758,,,BAGH E MEHTAB SRINAGAR,,,,,,,,,,,,,,,,,,,,,,,,
759,,,"SRINAGAR, BATMALOO",,,,,,,,,,,,,,,,,,,,,,,,
760,,,CHRAR I SHARIEF,,,,,,,,,,,,,,,,,,,,,,,,
761,,,ATM SWITCH DEPARTMENT CHQ,,,,,,,,,,,,,,,,,,,,,,,,
762,,,HARI SINGH  HIGH STREET SRINAGAR,,,,,,,,,,,,,,,,,,,,,,,,
763,,,HABBA KADAL SRINAGAR,,,,,,,,,,,,,,,,,,,,,,,,
764,,,BARZULLA CHOWK,,,,,,,,,,,,,,,,,,,,,,,,
765,,,IBR DEPARTMENT CHQ,,,,,,,,,,,,,,,,,,,,,,,,
766,,,INTERNATIONAL BANKING DIV SRINAGAR,,,,,,,,,,,,,,,,,,,,,,,,
767,,,KREMSHORE,,,,,,,,,,,,,,,,,,,,,,,,
768,,,SSI LAL CHOWK SRINAGR,,,,,,,,,,,,,,,,,,,,,,,,
769,,,LAL MANDI SRINAGAR,,,,,,,,,,,,,,,,,,,,,,,,
770,,,MAHARAJ GUNJ SRINAGAR,,,,,,,,,,,,,,,,,,,,,,,,
771,,,MOVING SECRETARIAT,,,,,,,,,,,,,,,,,,,,,,,,
772,,,NAGAM,,,,,,,,,,,,,,,,,,,,,,,,
773,,,MAHARAJ GUNJ - SRINAGAR,,,,,,,,,,,,,,,,,,,,,,,,
774,,,POLO VIEW SRINAGAR,,,,,,,,,,,,,,,,,,,,,,,,
775,,,RAITHAN,,,,,,,,,,,,,,,,,,,,,,,,
776,,,RAJOURI KADAL SRINAGAR,,,,,,,,,,,,,,,,,,,,,,,,
777,,,SAFA KADAL SRINAGAR,,,,,,,,,,,,,,,,,,,,,,,,
778,,,NEW SECTT ROAD SRINAGAR,,,,,,,,,,,,,,,,,,,,,,,,
779,,,SONWAR SRINAGAR,,,,,,,,,,,,,,,,,,,,,,,,
780,,,"SRINAGAR BADAMI BAGH, DISTT. S",,,,,,,,,,,,,,,,,,,,,,,,
781,,,"SRINAGAR MAHARAJGANJ, DISTT. S",,,,,,,,,,,,,,,,,,,,,,,,
782,,,APEX BRANCH CHQ,,,,,,,,,,,,,,,,,,,,,,,,
783,,,BAZAR BATMALOO,,,,,,,,,,,,,,,,,,,,,,,,
784,,,ALAMGIRI BAZAR SRINAGAR,,,,,,,,,,,,,,,,,,,,,,,,
785,,,BONE & JOINT HOSPITAL SRINAGAR,,,,,,,,,,,,,,,,,,,,,,,,
786,,,ISLAMIA COLLEGE SRINAGAR,,,,,,,,,,,,,,,,,,,,,,,,
787,,,JEHANGIR CHOWK (NABERA COMPLEX),,,,,,,,,,,,,,,,,,,,,,,,
788,,,JVMC SRINAGAR,,,,,,,,,,,,,,,,,,,,,,,,
789,,,LD HOSPITAL SRINAGAR,,,,,,,,,,,,,,,,,,,,,,,,
790,,,NAWA KADAL SRINAGAR,,,,,,,,,,,,,,,,,,,,,,,,
791,,,RAWALPORA SRINAGAR,,,,,,,,,,,,,,,,,,,,,,,,
792,,,ZOONIMAR SRINAGAR,,,,,,,,,,,,,,,,,,,,,,,,
793,,,DALGATE SRINAGAR,,,,,,,,,,,,,,,,,,,,,,,,
794,,,RESIDENCY  ROAD SRINAGAR,,,,,,,,,,,,,,,,,,,,,,,,
795,,,BEMINA SRINAGAR,,,,,,,,,,,,,,,,,,,,,,,,
796,,,BAGH ALI MARDAN SRINAGAR,,,,,,,,,,,,,,,,,,,,,,,,
797,,,REC SRINAGAR,,,,,,,,,,,,,,,,,,,,,,,,
798,,,SOURA SRINAGAR,,,,,,,,,,,,,,,,,,,,,,,,
799,,,LASSIPORA,,,,,,,,,,,,,,,,,,,,,,,,
800,,,KHUMANI CHOWK,,,,,,,,,,,,,,,,,,,,,,,,
801,,,HIGH COURT COMPLEX SRINAGAR,,,,,,,,,,,,,,,,,,,,,,,,
802,,,KHAYAM CHOWK SRINAGAR,,,,,,,,,,,,,,,,,,,,,,,,
803,,,PARIMPORA SRINAGAR,,,,,,,,,,,,,,,,,,,,,,,,
804,,,RCC SRINAGAR,,,,,,,,,,,,,,,,,,,,,,,,
805,,,TANKIPORA SRINAGAR,,,,,,,,,,,,,,,,,,,,,,,,
806,,,ZAINAKOTE SRINAGAR,,,,,,,,,,,,,,,,,,,,,,,,
807,,,TATTOO GROUND SRINAGAR,,,,,,,,,,,,,,,,,,,,,,,,
808,,,NOORBAGH SRINAGAR,,,,,,,,,,,,,,,,,,,,,,,,
809,,,OMPORA,,,,,,,,,,,,,,,,,,,,,,,,
810,,,GURSAHI,,,,,,,,,,,,,,,,,,,,,,,,
811,,,LASSANA,,,,,,,,,,,,,,,,,,,,,,,,
812,,,MANDI,,,,,,,,,,,,,,,,,,,,,,,,
813,,,POONCH CITY,,,,,,,,,,,,,,,,,,,,,,,,
814,,,MACHHEDI,,,,,,,,,,,,,,,,,,,,,,,,
815,,,PHINTER,,,,,,,,,,,,,,,,,,,,,,,,
816,,,RAMKOT,,,,,,,,,,,,,,,,,,,,,,,,
817,,,BILLAWAR,,,,,,,,,,,,,,,,,,,,,,,,
818,,,JANU,,,,,,,,,,,,,,,,,,,,,,,,
819,,,LAKHANPUR,,,,,,,,,,,,,,,,,,,,,,,,
820,,,"KARROH (LAKHANPUR), DISTT. KAT",,,,,,,,,,,,,,,,,,,,,,,,
